{
  "providers":[
    {
      "file":"emojis/000.png",
      "chars":["\uE000"],
      "ascent":8,
      "height":8,
      "width":8,
      "type":"bitmap"
    },
    {
      "file":"emojis/001.png",
      "chars":["\uE001"],
      "ascent":8,
      "height":8,
      "width":8,
      "type":"bitmap"
    },
    {
      "file":"emojis/002.png",
      "chars":["\uE002"],
      "ascent":8,
      "height":8,
      "width":8,
      "type":"bitmap"
    },
    {
      "file":"emojis/003.png",
      "chars":["\uE003"],
      "ascent":8,
      "height":8,
      "width":8,
      "type":"bitmap"
    },
    {
      "file":"emojis/004.png",
      "chars":["\uE004"],
      "ascent":8,
      "height":8,
      "width":16,
      "type":"bitmap"
    },
    {
      "file":"emojis/005.png",
      "chars":["\uE005"],
      "ascent":8,
      "height":8,
      "width":8,
      "type":"bitmap"
    },
    {
      "file":"emojis/006.png",
      "chars":["\uE006"],
      "ascent":8,
      "height":8,
      "width":8,
      "type":"bitmap"
    },
    {
      "file":"emojis/007.png",
      "chars":["\uE007"],
      "ascent":8,
      "height":8,
      "width":8,
      "type":"bitmap"
    },
    {
      "file":"emojis/008.png",
      "chars":["\uE008"],
      "ascent":8,
      "height":8,
      "width":8,
      "type":"bitmap"
    },
    {
      "file":"emojis/009.png",
      "chars":["\uE009"],
      "ascent":8,
      "height":8,
      "width":8,
      "type":"bitmap"
    },
    {
      "file":"emojis/010.png",
      "chars":["\uE00A"],
      "ascent":8,
      "height":8,
      "width":8,
      "type":"bitmap"
    },
    {
      "file":"emojis/011.png",
      "chars":["\uE00B"],
      "ascent":8,
      "height":8,
      "width":8,
      "type":"bitmap"
    },
    {
      "file":"emojis/012.png",
      "chars":["\uE00C"],
      "ascent":8,
      "height":8,
      "width":8,
      "type":"bitmap"
    },
    {
      "file":"emojis/013.png",
      "chars":["\uE00D"],
      "ascent":8,
      "height":8,
      "width":8,
      "type":"bitmap"
    },
    {
      "file":"emojis/014.png",
      "chars":["\uE00E"],
      "ascent":8,
      "height":8,
      "width":8,
      "type":"bitmap"
    },
    {
      "file":"emojis/015.png",
      "chars":["\uE00F"],
      "ascent":8,
      "height":8,
      "width":8,
      "type":"bitmap"
    },
    {
      "file":"emojis/016.png",
      "chars":["\uE010"],
      "ascent":8,
      "height":8,
      "width":8,
      "type":"bitmap"
    },
    {
      "file":"emojis/017.png",
      "chars":["\uE011"],
      "ascent":8,
      "height":8,
      "width":8,
      "type":"bitmap"
    },
    {
      "file":"emojis/018.png",
      "chars":["\uE012"],
      "ascent":8,
      "height":8,
      "width":8,
      "type":"bitmap"
    },
    {
      "file":"emojis/019.png",
      "chars":["\uE013"],
      "ascent":8,
      "height":8,
      "width":8,
      "type":"bitmap"
    },
    {
      "file":"emojis/020.png",
      "chars":["\uE014"],
      "ascent":8,
      "height":8,
      "width":8,
      "type":"bitmap"
    },
    {
      "file":"emojis/021.png",
      "chars":["\uE015"],
      "ascent":8,
      "height":8,
      "width":8,
      "type":"bitmap"
    },
    {
      "file":"emojis/022.png",
      "chars":["\uE016"],
      "ascent":8,
      "height":8,
      "width":8,
      "type":"bitmap"
    },
    {
      "file":"emojis/023.png",
      "chars":["\uE017"],
      "ascent":8,
      "height":8,
      "width":8,
      "type":"bitmap"
    },
    {
      "file":"emojis/024.png",
      "chars":["\uE018"],
      "ascent":8,
      "height":8,
      "width":8,
      "type":"bitmap"
    },
    {
      "file":"emojis/025.png",
      "chars":["\uE019"],
      "ascent":8,
      "height":8,
      "width":8,
      "type":"bitmap"
    },
    {
      "file":"emojis/026.png",
      "chars":["\uE01A"],
      "ascent":8,
      "height":8,
      "width":8,
      "type":"bitmap"
    },
    {
      "file":"emojis/027.png",
      "chars":["\uE01B"],
      "ascent":8,
      "height":8,
      "width":8,
      "type":"bitmap"
    },
    {
      "file":"emojis/028.png",
      "chars":["\uE01C"],
      "ascent":8,
      "height":8,
      "width":8,
      "type":"bitmap"
    },
    {
      "file":"emojis/029.png",
      "chars":["\uE01D"],
      "ascent":8,
      "height":8,
      "width":8,
      "type":"bitmap"
    },
    {
      "file":"emojis/030.png",
      "chars":["\uE01E"],
      "ascent":8,
      "height":8,
      "width":8,
      "type":"bitmap"
      
    },
    {
  "file": "emojis/031.png",
  "chars": ["\uE01F"],
  "ascent": 8,
  "height": 8,
  "width": 8,
  "type": "bitmap"
},{
  "file": "emojis/032.png",
  "chars": ["\uE020"],
  "ascent": 8,
  "height": 8,
  "width": 8,
  "type": "bitmap"
},{
  "file": "emojis/033.png",
  "chars": ["\uE021"],
  "ascent": 8,
  "height": 8,
  "width": 8,
  "type": "bitmap"
},{
  "file": "emojis/034.png",
  "chars": ["\uE022"],
  "ascent": 8,
  "height": 8,
  "width": 8,
  "type": "bitmap"
},{
  "file": "emojis/035.png",
  "chars": ["\uE023"],
  "ascent": 8,
  "height": 8,
  "width": 8,
  "type": "bitmap"
},{
  "file": "emojis/036.png",
  "chars": ["\uE024"],
  "ascent": 8,
  "height": 8,
  "width": 8,
  "type": "bitmap"
},{
  "file": "emojis/037.png",
  "chars": ["\uE025"],
  "ascent": 8,
  "height": 8,
  "width": 8,
  "type": "bitmap"
},{
  "file": "emojis/038.png",
  "chars": ["\uE026"],
  "ascent": 8,
  "height": 8,
  "width": 8,
  "type": "bitmap"
},{
  "file": "emojis/039.png",
  "chars": ["\uE027"],
  "ascent": 8,
  "height": 8,
  "width": 8,
  "type": "bitmap"
},{
  "file": "emojis/040.png",
  "chars": ["\uE028"],
  "ascent": 8,
  "height": 8,
  "width": 8,
  "type": "bitmap"
},{
  "file": "emojis/041.png",
  "chars": ["\uE029"],
  "ascent": 8,
  "height": 8,
  "width": 8,
  "type": "bitmap"
},{
  "file": "emojis/042.png",
  "chars": ["\uE02A"],
  "ascent": 8,
  "height": 8,
  "width": 8,
  "type": "bitmap"
},{
  "file": "emojis/043.png",
  "chars": ["\uE02B"],
  "ascent": 8,
  "height": 8,
  "width": 8,
  "type": "bitmap"
},{
  "file": "emojis/044.png",
  "chars": ["\uE02C"],
  "ascent": 8,
  "height": 8,
  "width": 8,
  "type": "bitmap"
},{
  "file": "emojis/045.png",
  "chars": ["\uE02D"],
  "ascent": 8,
  "height": 8,
  "width": 8,
  "type": "bitmap"
},{
  "file": "emojis/046.png",
  "chars": ["\uE02E"],
  "ascent": 8,
  "height": 8,
  "width": 8,
  "type": "bitmap"
},{
  "file": "emojis/047.png",
  "chars": ["\uE02F"],
  "ascent": 8,
  "height": 8,
  "width": 8,
  "type": "bitmap"
},{
  "file": "emojis/048.png",
  "chars": ["\uE030"],
  "ascent": 8,
  "height": 8,
  "width": 8,
  "type": "bitmap"
},{
  "file": "emojis/049.png",
  "chars": ["\uE031"],
  "ascent": 8,
  "height": 8,
  "width": 8,
  "type": "bitmap"
},{
  "file": "emojis/050.png",
  "chars": ["\uE032"],
  "ascent": 8,
  "height": 8,
  "width": 8,
  "type": "bitmap"
},{
  "file": "emojis/051.png",
  "chars": ["\uE033"],
  "ascent": 8,
  "height": 8,
  "width": 8,
  "type": "bitmap"
},{
  "file": "emojis/052.png",
  "chars": ["\uE034"],
  "ascent": 8,
  "height": 8,
  "width": 8,
  "type": "bitmap"
},{
  "file": "emojis/053.png",
  "chars": ["\uE035"],
  "ascent": 8,
  "height": 8,
  "width": 8,
  "type": "bitmap"
},{
  "file": "emojis/054.png",
  "chars": ["\uE036"],
  "ascent": 8,
  "height": 8,
  "width": 8,
  "type": "bitmap"
},{
  "file": "emojis/055.png",
  "chars": ["\uE037"],
  "ascent": 8,
  "height": 8,
  "width": 8,
  "type": "bitmap"
},{
  "file": "emojis/056.png",
  "chars": ["\uE038"],
  "ascent": 8,
  "height": 8,
  "width": 8,
  "type": "bitmap"
},{
  "file": "emojis/057.png",
  "chars": ["\uE039"],
  "ascent": 8,
  "height": 8,
  "width": 8,
  "type": "bitmap"
},{
  "file": "emojis/058.png",
  "chars": ["\uE03A"],
  "ascent": 8,
  "height": 8,
  "width": 8,
  "type": "bitmap"
},{
  "file": "emojis/059.png",
  "chars": ["\uE03B"],
  "ascent": 8,
  "height": 8,
  "width": 8,
  "type": "bitmap"
},{
  "file": "emojis/060.png",
  "chars": ["\uE03C"],
  "ascent": 8,
  "height": 8,
  "width": 8,
  "type": "bitmap"
},{
  "file": "emojis/061.png",
  "chars": ["\uE03D"],
  "ascent": 8,
  "height": 8,
  "width": 8,
  "type": "bitmap"
},{
  "file": "emojis/062.png",
  "chars": ["\uE03E"],
  "ascent": 8,
  "height": 8,
  "width": 8,
  "type": "bitmap"
},{
  "file": "emojis/063.png",
  "chars": ["\uE03F"],
  "ascent": 8,
  "height": 8,
  "width": 8,
  "type": "bitmap"
},{
  "file": "emojis/064.png",
  "chars": ["\uE040"],
  "ascent": 8,
  "height": 8,
  "width": 8,
  "type": "bitmap"
},{
  "file": "emojis/065.png",
  "chars": ["\uE041"],
  "ascent": 8,
  "height": 8,
  "width": 8,
  "type": "bitmap"
},{
  "file": "emojis/066.png",
  "chars": ["\uE042"],
  "ascent": 8,
  "height": 8,
  "width": 8,
  "type": "bitmap"
},{
  "file": "emojis/067.png",
  "chars": ["\uE043"],
  "ascent": 8,
  "height": 8,
  "width": 8,
  "type": "bitmap"
},{
  "file": "emojis/068.png",
  "chars": ["\uE044"],
  "ascent": 8,
  "height": 8,
  "width": 8,
  "type": "bitmap"
},{
  "file": "emojis/069.png",
  "chars": ["\uE045"],
  "ascent": 8,
  "height": 8,
  "width": 8,
  "type": "bitmap"
},{
  "file": "emojis/070.png",
  "chars": ["\uE046"],
  "ascent": 8,
  "height": 8,
  "width": 8,
  "type": "bitmap"
},{
  "file": "emojis/071.png",
  "chars": ["\uE047"],
  "ascent": 8,
  "height": 8,
  "width": 8,
  "type": "bitmap"
},{
  "file": "emojis/072.png",
  "chars": ["\uE048"],
  "ascent": 8,
  "height": 8,
  "width": 8,
  "type": "bitmap"
},{
  "file": "emojis/073.png",
  "chars": ["\uE049"],
  "ascent": 8,
  "height": 8,
  "width": 8,
  "type": "bitmap"
},{
  "file": "emojis/074.png",
  "chars": ["\uE04A"],
  "ascent": 8,
  "height": 8,
  "width": 8,
  "type": "bitmap"
},{
  "file": "emojis/075.png",
  "chars": ["\uE04B"],
  "ascent": 8,
  "height": 8,
  "width": 8,
  "type": "bitmap"
},{
  "file": "emojis/076.png",
  "chars": ["\uE04C"],
  "ascent": 8,
  "height": 8,
  "width": 8,
  "type": "bitmap"
},{
  "file": "emojis/077.png",
  "chars": ["\uE04D"],
  "ascent": 8,
  "height": 8,
  "width": 8,
  "type": "bitmap"
},{
  "file": "emojis/078.png",
  "chars": ["\uE04E"],
  "ascent": 8,
  "height": 8,
  "width": 8,
  "type": "bitmap"
},{
  "file": "emojis/079.png",
  "chars": ["\uE04F"],
  "ascent": 8,
  "height": 8,
  "width": 8,
  "type": "bitmap"
},{
  "file": "emojis/080.png",
  "chars": ["\uE050"],
  "ascent": 8,
  "height": 8,
  "width": 8,
  "type": "bitmap"
},{
  "file": "emojis/081.png",
  "chars": ["\uE051"],
  "ascent": 8,
  "height": 8,
  "width": 8,
  "type": "bitmap"
},{
  "file": "emojis/082.png",
  "chars": ["\uE052"],
  "ascent": 8,
  "height": 8,
  "width": 8,
  "type": "bitmap"
},{
  "file": "emojis/083.png",
  "chars": ["\uE053"],
  "ascent": 8,
  "height": 8,
  "width": 8,
  "type": "bitmap"
},{
  "file": "emojis/084.png",
  "chars": ["\uE054"],
  "ascent": 8,
  "height": 8,
  "width": 8,
  "type": "bitmap"
},{
  "file": "emojis/085.png",
  "chars": ["\uE055"],
  "ascent": 8,
  "height": 8,
  "width": 8,
  "type": "bitmap"
},{
  "file": "emojis/086.png",
  "chars": ["\uE056"],
  "ascent": 8,
  "height": 8,
  "width": 8,
  "type": "bitmap"
},{
  "file": "emojis/087.png",
  "chars": ["\uE057"],
  "ascent": 8,
  "height": 8,
  "width": 8,
  "type": "bitmap"
},{
  "file": "emojis/088.png",
  "chars": ["\uE058"],
  "ascent": 8,
  "height": 8,
  "width": 8,
  "type": "bitmap"
},{
  "file": "emojis/089.png",
  "chars": ["\uE059"],
  "ascent": 8,
  "height": 8,
  "width": 8,
  "type": "bitmap"
},{
  "file": "emojis/090.png",
  "chars": ["\uE05A"],
  "ascent": 8,
  "height": 8,
  "width": 8,
  "type": "bitmap"
},{
  "file": "emojis/091.png",
  "chars": ["\uE05B"],
  "ascent": 8,
  "height": 8,
  "width": 8,
  "type": "bitmap"
},{
  "file": "emojis/092.png",
  "chars": ["\uE05C"],
  "ascent": 8,
  "height": 8,
  "width": 8,
  "type": "bitmap"
},{
  "file": "emojis/093.png",
  "chars": ["\uE05D"],
  "ascent": 8,
  "height": 8,
  "width": 8,
  "type": "bitmap"
},{
  "file": "emojis/094.png",
  "chars": ["\uE05E"],
  "ascent": 8,
  "height": 8,
  "width": 8,
  "type": "bitmap"
},{
  "file": "emojis/095.png",
  "chars": ["\uE05F"],
  "ascent": 8,
  "height": 8,
  "width": 8,
  "type": "bitmap"
},{
  "file": "emojis/096.png",
  "chars": ["\uE060"],
  "ascent": 8,
  "height": 8,
  "width": 8,
  "type": "bitmap"
},{
  "file": "emojis/097.png",
  "chars": ["\uE061"],
  "ascent": 8,
  "height": 8,
  "width": 8,
  "type": "bitmap"
},{
  "file": "emojis/098.png",
  "chars": ["\uE062"],
  "ascent": 8,
  "height": 8,
  "width": 8,
  "type": "bitmap"
},{
  "file": "emojis/099.png",
  "chars": ["\uE063"],
  "ascent": 8,
  "height": 8,
  "width": 8,
  "type": "bitmap"
}]
}